section,method,item_id,item_text,rationale,response_format,design_notes,status,fielding_order_position
Consent,Admin,consent,I consent to participate / I do not consent,UQ ethics requirement (2023/HE002257),Binary: I consent / I do not consent,Non-consent ends survey. Information sheet shown first (v2.1).,Live,1
Intro,Admin,intro,Topic-neutral warm-up: 'Technology and your community',Does NOT mention AI — avoids priming before unanchored tolerance items,Introductory text (no response),Placed before any AI mention so free-number estimation is truly unanchored.,Live,2
Framing experiment,Information provision,info_provision,"Short, balanced explanation of loss-of-control risk plus a counter-consideration (random half see it, half do not)","Test whether opinion moves with information; where informed and uninformed answers diverge, the informed estimate is the headline",Between-subjects: shown / not shown,Sits before the tolerance block by design. The balanced info note is separate from the persuasive counter-message arm.,Live,3
Method 1: Direct elicitation,Direct / scope test,m4c_severity_ladder,"For each outcome, what is the highest chance per year you would find acceptable for AI systems to cause it?","Traces each person's stated F–N curve; within-person scope sensitivity is the key test (flat = affect, not threshold). Convergence cross-check for DCE.",Matrix: 4 severity rows × 9-point log-probability scale (see sub-rows),Row order randomised. Between-subjects arm cross-checks for demand effects. Held fully static (non-adaptive) so convergence check (§5) rests on a clean comparison. Fielded FIRST among tolerance blocks so no prior figure anchors the respondent's own number.,Live,4
Method 1: Direct elicitation,Direct / scope test,m4c_severity_ladder_row1,Severity row: A single death,Lower anchor for F–N curve,"Select one: 1 in 10 / 1 in 100 / 1 in 1,000 / 1 in 10,000 / 1 in 100,000 / 1 in 1,000,000 / 1 in 10,000,000 / 1 in 1,000,000,000 / Should never be allowed",Within-person severity ladder row. Order randomised.,Live,4
Method 1: Direct elicitation,Direct / scope test,m4c_severity_ladder_row2,"Severity row: 100 deaths or serious injuries, or $1 billion in damage",RAISE Act 'critical harm' legal anchor,"Select one: 1 in 10 / 1 in 100 / 1 in 1,000 / 1 in 10,000 / 1 in 100,000 / 1 in 1,000,000 / 1 in 10,000,000 / 1 in 1,000,000,000 / Should never be allowed",Within-person severity ladder row. Order randomised.,Live,4
Method 1: Direct elicitation,Direct / scope test,m4c_severity_ladder_row3,"Severity row: 1,000,000 deaths or $100 billion in damage",MIT AI Risk Repository 'catastrophic' threshold,"Select one: 1 in 10 / 1 in 100 / 1 in 1,000 / 1 in 10,000 / 1 in 100,000 / 1 in 1,000,000 / 1 in 10,000,000 / 1 in 1,000,000,000 / Should never be allowed",Within-person severity ladder row. Order randomised.,Live,4
Method 1: Direct elicitation,Direct / scope test,m4c_severity_ladder_row4,"Severity row: ~800,000,000 deaths, about 10% of humanity",FRI/XPT 'catastrophe' definition,"Select one: 1 in 10 / 1 in 100 / 1 in 1,000 / 1 in 10,000 / 1 in 100,000 / 1 in 1,000,000 / 1 in 10,000,000 / 1 in 1,000,000,000 / Should never be allowed",Within-person severity ladder row. Order randomised.,Live,4
Method 1: Direct elicitation,Direct / WTP,m5_wtp,"What is the most you would be willing to pay each year, through higher prices and taxes, to cut the annual chance of an AI catastrophe from 1 in 20 to 1 in 100?","WTP cross-check; DCE cost coefficient is the primary WTP, this is the secondary. Log scale tames protest zeros and outliers.","Select one: $0 / $1–10 / $10–100 / $100–1,000 / $1,000–10,000 / More than $10,000",Bounded log scale (not free text).,Live,8
Method 2: DCE,Discrete choice experiment,dce_task,Here are two possible futures for advanced AI. Which do you prefer? (You may also choose to keep today's situation.),"Revealed preferences rather than stated; recovers tradeoffs (safety vs utility, cost, competitiveness) the way people reveal preferences when shopping. Resistant to scope-insensitivity gaming.",Forced choice: Option A / Option B / Keep today's status quo. ~10 tasks per respondent.,"Bayesian D-efficient design, 2 alternatives + opt-out, 10 tasks, 10 blocks, 4,000 respondents. Population-level sequential re-optimisation at wave boundaries. 720-profile full factorial (4×5×3×3×4).",Live,5
Method 2: DCE,DCE attribute,dce_attr_severity,DCE attribute: Worst catastrophe it could cause,Severity varied across the four-tier ladder (not fixed) so design traces full F–N surface,"4 levels: A single death / 100 deaths or $1B damage / 1,000,000 deaths or $100B damage / ~800,000,000 deaths (~10% of humanity)","RAISE Act 'critical harm' tier is the legal baseline. Severity is varied, not fixed, unlike old single-severity design.",Live,5
Method 2: DCE,DCE attribute,dce_attr_probability,DCE attribute: Annual chance of that catastrophe,Log-spaced probability levels spanning the plausible range,"5 levels: 1 in 100 / 1 in 1,000 / 1 in 10,000 / 1 in 100,000 / 1 in 1,000,000",Natural-frequency labels (not percentages).,Live,5
Method 2: DCE,DCE attribute,dce_attr_utility,DCE attribute: What AI can do for society,Captures the benefit side of the risk-benefit tradeoff,3 levels: Modest / Major / Transformative,,Live,5
Method 2: DCE,DCE attribute,dce_attr_competition,DCE attribute: Global competition,Geopolitical dimension of the tradeoff,3 levels: Others lead / Keep pace / US leads,,Live,5
Method 2: DCE,DCE attribute,dce_attr_cost,DCE attribute: Cost to your household per year,Enables WTP calculation (risk coefficient / cost coefficient),"4 levels: $0 / $100 / $400 / $1,000",Primary WTP source; m5_wtp is the cross-check.,Live,5
Method 2: DCE,DCE severity level,dce_severity_level_1,DCE severity level: A single death,Lower anchor for F–N curve,Attribute level (position 1 of 4),,Live (attribute level),5
Method 2: DCE,DCE severity level,dce_severity_level_2,DCE severity level: 100 deaths or $1B damage,RAISE Act 'critical harm',Attribute level (position 2 of 4),,Live (attribute level),5
Method 2: DCE,DCE severity level,dce_severity_level_3,"DCE severity level: 1,000,000 deaths or $100B damage",MIT AI Risk Repository 'catastrophic',Attribute level (position 3 of 4),,Live (attribute level),5
Method 2: DCE,DCE severity level,dce_severity_level_4,"DCE severity level: ~800,000,000 deaths (~10% of humanity)",FRI/XPT 'catastrophe',Attribute level (position 4 of 4),,Live (attribute level),5
Method 2: DCE,DCE probability level,dce_prob_level_1,DCE probability level: 1 in 100,Log-spaced to cover plausible range of annual catastrophe risk,Attribute level (position 1 of 5),,Live (attribute level),5
Method 2: DCE,DCE probability level,dce_prob_level_2,"DCE probability level: 1 in 1,000",Log-spaced to cover plausible range of annual catastrophe risk,Attribute level (position 2 of 5),,Live (attribute level),5
Method 2: DCE,DCE probability level,dce_prob_level_3,"DCE probability level: 1 in 10,000",Log-spaced to cover plausible range of annual catastrophe risk,Attribute level (position 3 of 5),,Live (attribute level),5
Method 2: DCE,DCE probability level,dce_prob_level_4,"DCE probability level: 1 in 100,000",Log-spaced to cover plausible range of annual catastrophe risk,Attribute level (position 4 of 5),,Live (attribute level),5
Method 2: DCE,DCE probability level,dce_prob_level_5,"DCE probability level: 1 in 1,000,000",Log-spaced to cover plausible range of annual catastrophe risk,Attribute level (position 5 of 5),,Live (attribute level),5
Method 2: DCE,DCE utility level,dce_utility_level_1,"DCE utility level: Modest — Today's AI, used by everyone. Most tasks get easier and cheaper, but AI isn't solving the big problems yet.","Benefit side of risk-benefit tradeoff. Year 7-9 reading level. Calibrated: current capability widely diffused. Transformative pegged to booster/e-acc hype-day claims, levels work backwards from there.",Attribute level (position 1 of 3),,Live (attribute level),5
Method 2: DCE,DCE utility level,dce_utility_level_2,"DCE utility level: Major — AI makes doctors, scientists, and teachers much better at their jobs. Real breakthroughs happen, but the hardest problems aren't solved.","Benefit side of risk-benefit tradeoff. Year 7-9 reading level. Big but not utopian.",Attribute level (position 2 of 3),,Live (attribute level),5
Method 2: DCE,DCE utility level,dce_utility_level_3,"DCE utility level: Transformative — AI cures most diseases, makes energy nearly free, and solves problems we thought were impossible.","Benefit side of risk-benefit tradeoff. Year 7-9 reading level. Pegged to Altman/Amodei/a16z 'age of abundance' pitch.",Attribute level (position 3 of 3),,Live (attribute level),5
Method 2: DCE,DCE competition level,dce_competition_level_1,DCE competition level: Others lead,Geopolitical tradeoff dimension,Attribute level (position 1 of 3),,Live (attribute level),5
Method 2: DCE,DCE competition level,dce_competition_level_2,DCE competition level: Keep pace,Geopolitical tradeoff dimension,Attribute level (position 2 of 3),,Live (attribute level),5
Method 2: DCE,DCE competition level,dce_competition_level_3,DCE competition level: US leads,Geopolitical tradeoff dimension,Attribute level (position 3 of 3),,Live (attribute level),5
Method 2: DCE,DCE cost level,dce_cost_level_1,DCE cost level: $0 per household per year,Enables WTP calculation,Attribute level (position 1 of 4),,Live (attribute level),5
Method 2: DCE,DCE cost level,dce_cost_level_2,DCE cost level: $100 per household per year,Enables WTP calculation,Attribute level (position 2 of 4),,Live (attribute level),5
Method 2: DCE,DCE cost level,dce_cost_level_3,DCE cost level: $400 per household per year,Enables WTP calculation,Attribute level (position 3 of 4),,Live (attribute level),5
Method 2: DCE,DCE cost level,dce_cost_level_4,"DCE cost level: $1,000 per household per year",Enables WTP calculation,Attribute level (position 4 of 4),,Live (attribute level),5
Method 2: DCE,DCE choice option,dce_choice_option_a,DCE response option: Option A,'Keep today's status quo' is the opt-out / status quo anchor,Radio button,,Live (response option),5
Method 2: DCE,DCE choice option,dce_choice_option_b,DCE response option: Option B,'Keep today's status quo' is the opt-out / status quo anchor,Radio button,,Live (response option),5
Method 2: DCE,DCE choice option,dce_choice_keep_today's_status_quo,DCE response option: Keep today's status quo,'Keep today's status quo' is the opt-out / status quo anchor,Radio button,,Live (response option),5
Method 2: DCE,DCE design decision,dce_design_adaptive,Population-level sequential re-optimisation (adaptive priors between waves),Adding severity enlarges grid from 180 to 720 profiles; diffuse priors spread power thinly. Adaptation sharpens which tradeoffs the next wave sees.,"Waves: pilot ~500, then ~3 main waves of ~1,170 (≈4,010 total). Design locked within each wave.",Between-respondent only; no within-respondent endogeneity. Pre-registered deterministic algorithm. Design updated only if it lowers Bayesian D-error. §3.1 held static for clean convergence check.,Live (design decision),5
Method 2: DCE,DCE design decision,dce_design_blocks,"10 blocks, ~10 tasks per respondent",Cognitive load: 10 multi-attribute choices is near upper end of what a general sample handles well,Blocked versions assigned to respondents,Bayesian D-efficient design via cbcTools; level balance and overlap checked.,Live (design decision),5
Method 3: Anchor to accepted safety,Comparative standards,m3a_standards,"Compared with how strictly the US government regulates [comparator], regulation of advanced AI should be:",Comparative judgements are easier and more stable than absolute ones; maps onto how regulators argue. Split from safety-in-practice after Gradient flagged the Figure-11 conflation.,5-point: Much less strict / Somewhat less strict / About the same / Somewhat stricter / Much stricter,"Comparator randomised from: nuclear power, commercial aviation, new prescription drugs, cars, large dams. Specified at industry scope (all reactors, whole aviation system) to fix the denominator problem.",Live,6
Method 3: Anchor to accepted safety,Comparative standards (comparator),m3a_standards_nuclear_power,Standards comparator: nuclear power,Familiar industry the public has lived intuitions about,Randomised comparator option,Industry-level scope (not single-unit) to match AI risk estimates.,Live (comparator option),6
Method 3: Anchor to accepted safety,Comparative standards (comparator),m3a_standards_commercial_aviation,Standards comparator: commercial aviation,Familiar industry the public has lived intuitions about,Randomised comparator option,Industry-level scope (not single-unit) to match AI risk estimates.,Live (comparator option),6
Method 3: Anchor to accepted safety,Comparative standards (comparator),m3a_standards_new_prescription_drugs,Standards comparator: new prescription drugs,Familiar industry the public has lived intuitions about,Randomised comparator option,Industry-level scope (not single-unit) to match AI risk estimates.,Live (comparator option),6
Method 3: Anchor to accepted safety,Comparative standards (comparator),m3a_standards_cars,Standards comparator: cars,Familiar industry the public has lived intuitions about,Randomised comparator option,Industry-level scope (not single-unit) to match AI risk estimates.,Live (comparator option),6
Method 3: Anchor to accepted safety,Comparative standards (comparator),m3a_standards_large_dams,Standards comparator: large dams,Familiar industry the public has lived intuitions about,Randomised comparator option,Industry-level scope (not single-unit) to match AI risk estimates.,Live (comparator option),6
Method 3: Anchor to accepted safety,Comparative standards (scale),m3a_standards_scale_1,Standards scale option: Much less strict,5-point comparative scale,Radio button (position 1 of 5),,Live (scale option),6
Method 3: Anchor to accepted safety,Comparative standards (scale),m3a_standards_scale_2,Standards scale option: Somewhat less strict,5-point comparative scale,Radio button (position 2 of 5),,Live (scale option),6
Method 3: Anchor to accepted safety,Comparative standards (scale),m3a_standards_scale_3,Standards scale option: About the same,5-point comparative scale,Radio button (position 3 of 5),,Live (scale option),6
Method 3: Anchor to accepted safety,Comparative standards (scale),m3a_standards_scale_4,Standards scale option: Somewhat stricter,5-point comparative scale,Radio button (position 4 of 5),,Live (scale option),6
Method 3: Anchor to accepted safety,Comparative standards (scale),m3a_standards_scale_5,Standards scale option: Much stricter,5-point comparative scale,Radio button (position 5 of 5),,Live (scale option),6
Dumpster (Appendix C),Cut item,dump_m3a_safety,"Compared with how safe [same comparator] is in practice today, advanced AI systems should be:","Why cut: Mike's decision (29 Jun 2026) — the survey cares about standards (regulation), not safety-in-practice (outcomes). Original split was Gradient's recommendation to fix Figure-11 category error; keeping standards only.",N/A (cut from instrument),Recoverable if the standards-vs-outcomes distinction proves important in pilot.,Dumpster,
Dumpster (Appendix C),Cut item,dump_m3a_safety_scale,"Safety-in-practice scale (Much less safe / Somewhat less safe / About as safe / Somewhat safer / Much safer)","Why cut: parent item (m3a_safety) moved to dumpster.",N/A (cut from instrument),,Dumpster,
Method 3: Anchor to accepted safety,Frame applicability,m2_frame_applicable,"Some technologies (flying, nuclear power) are held to a strict number for how risky they are allowed to be. Which is closer to your view about advanced AI?",Lets people who reject the premise (AI risk can't be quantified) say so; primaries reported separately for those who reject the frame.,3 options: 'You can put a number on its risk and hold it to a safety limit too' / 'Its risk is too uncertain to put a useful number on' / 'Unsure',Both options matched for length and reading level; the example sits in the stem so neither option is easier to pick. Fielded with expert-judgement block (step 7).,Live,7
Method 3: Anchor to accepted safety,Frame applicability (option),m2_frame_applicable_opt_1,Frame-applicability option: You can put a number on its risk and hold it to a safety limit too,Matched for length and reading level,Radio button (position 1 of 3),,Live (response option),7
Method 3: Anchor to accepted safety,Frame applicability (option),m2_frame_applicable_opt_2,Frame-applicability option: Its risk is too uncertain to put a useful number on,Matched for length and reading level,Radio button (position 2 of 3),,Live (response option),7
Method 3: Anchor to accepted safety,Frame applicability (option),m2_frame_applicable_opt_3,Frame-applicability option: Unsure,Matched for length and reading level,Radio button (position 3 of 3),,Live (response option),7
Method 3: Anchor to accepted safety,Sanity anchor,m3_sanity,"Compared with a high-risk voluntary activity [randomise: bungee jumping, BASE jumping, climbing Everest], how safe should advanced AI be?",Dangerous-activity anchor at the risky end so we can confirm people can place AI across the full range. Almost everyone should say 'much safer'; anyone who does not is flagged.,Same 5-point safety scale as m3a_safety,Comparator death rates are approximate and must be verified before fielding (§9 open item).,Live,6
Method 3: Anchor to accepted safety,Sanity anchor (comparator),m3_sanity_bungee_jumping,Sanity anchor comparator: bungee jumping,High-risk voluntary activity for the risky-end anchor,Randomised comparator option,,Live (comparator option),6
Method 3: Anchor to accepted safety,Sanity anchor (comparator),m3_sanity_BASE_jumping,Sanity anchor comparator: BASE jumping,High-risk voluntary activity for the risky-end anchor,Randomised comparator option,,Live (comparator option),6
Method 3: Anchor to accepted safety,Sanity anchor (comparator),m3_sanity_climbing_Everest,Sanity anchor comparator: climbing Everest,High-risk voluntary activity for the risky-end anchor,Randomised comparator option,,Live (comparator option),6
Method 3: Anchor to accepted safety,Attention check,m3_att_elevator,"Attention check: elevator safety comparison (disguised as comparator item with same stem/scale, requiring 'Somewhat stricter')",Bidirectional attention-check pair; Barnett requested one 'more strict' and one 'less strict',Same 5-point comparator scale as m3a items,Disguised as a regular comparator item; placed apart from its pair.,Live,6
Method 3: Anchor to accepted safety,Attention check,m3_att_playground,"Attention check: playground safety comparison (disguised as comparator item with same stem/scale, requiring 'Somewhat stricter')",Second of the bidirectional attention-check pair,Same 5-point comparator scale as m3a items,Placed apart from m3_att_elevator.,Live,6
Method 4: Judge experts,Expert judgement,m2_experts,"Several public figures have estimated the chance that advanced AI leads to a catastrophe killing a large fraction of humanity. For each, accepting a risk at that level would be:",Recognition not generation; directly decision-relevant; robust to 'who counts as an expert' critique because every anchor is attributed. Fielded LAST because named figures are strongest anchors.,Matrix: 4 expert rows × 4-point tolerability scale (Acceptable / Tolerable / Intolerable / Unacceptable),"Symmetric anchor pool from ~0% (LeCun) to ~25% (Amodei). Reported by source. FIELD FLAG: every named figure is illustrative and MUST be replaced with exact, citable quotations before fielding.",Live,7
Method 4: Judge experts,Expert judgement (source row),m2_experts_row_1,"Expert row: Yann LeCun (Meta): less than 1 in 10,000",~0% anchor — lowest end of expert range,4-point tolerability: Acceptable / Tolerable / Intolerable / Unacceptable (should be illegal),Figure illustrative — needs exact citable quotation before fielding. Order: LeCun → Altman → Musk → Amodei.,Live,7
Method 4: Judge experts,Expert judgement (source row),m2_experts_row_2,Expert row: Sam Altman (OpenAI): about 1 in 50,~2% — mid-range,4-point tolerability: Acceptable / Tolerable / Intolerable / Unacceptable (should be illegal),Figure illustrative — needs exact citable quotation before fielding. Order: LeCun → Altman → Musk → Amodei.,Live,7
Method 4: Judge experts,Expert judgement (source row),m2_experts_row_3,Expert row: Elon Musk (xAI / Tesla): about 1 in 5,~20% — high end,4-point tolerability: Acceptable / Tolerable / Intolerable / Unacceptable (should be illegal),Figure illustrative — needs exact citable quotation before fielding. Order: LeCun → Altman → Musk → Amodei.,Live,7
Method 4: Judge experts,Expert judgement (source row),m2_experts_row_4,Expert row: Dario Amodei (Anthropic): about 1 in 4,~25% — highest named anchor,4-point tolerability: Acceptable / Tolerable / Intolerable / Unacceptable (should be illegal),Figure illustrative — needs exact citable quotation before fielding.,Live,7
Method 4: Judge experts,Expert judgement (source row),m2_experts_row_5,"Expert row: Superforecasters (FRI Existential Risk Persuasion Tournament): about 1 in 100",~1% — superforecaster median from XPT. Lower than AI experts. Provides a calibrated-forecaster anchor distinct from industry CEOs.,4-point tolerability: Acceptable / Tolerable / Intolerable / Unacceptable (should be illegal),Figure illustrative — verify against published XPT results before fielding. Source: Forecasting Research Institute XPT (2022).,Live,7
Method 4: Judge experts,Expert judgement (source row),m2_experts_row_6,"Expert row: AI researchers (FRI Existential Risk Persuasion Tournament): about 1 in 20",~5% — AI expert median from XPT. Sits between Altman and Musk; provides an aggregate rather than a single person's view.,4-point tolerability: Acceptable / Tolerable / Intolerable / Unacceptable (should be illegal),Figure illustrative — verify against published XPT results before fielding. Source: Forecasting Research Institute XPT (2022).,Live,7
Method 4: Judge experts,Tolerability scale option,tolerability_scale_1,"Tolerability scale option: Acceptable — Fine","Monotonic 4-point scale; relabelled after Barnett pointed out 'negligent' reads as weaker than 'intolerable', breaking monotonicity. Plain-language gloss added for lay respondents.",Radio button (position 1 of 4),Used across all Cluster B items.,Live (scale option),7
Method 4: Judge experts,Tolerability scale option,tolerability_scale_2,"Tolerability scale option: Tolerable — Uncomfortable but ok","Monotonic 4-point scale; plain-language gloss added for lay respondents.",Radio button (position 2 of 4),Used across all Cluster B items.,Live (scale option),7
Method 4: Judge experts,Tolerability scale option,tolerability_scale_3,"Tolerability scale option: Intolerable — Too high","Monotonic 4-point scale; plain-language gloss added for lay respondents.",Radio button (position 3 of 4),Used across all Cluster B items.,Live (scale option),7
Method 4: Judge experts,Tolerability scale option,tolerability_scale_4,"Tolerability scale option: Unacceptable — Should be illegal","Monotonic 4-point scale; plain-language gloss added for lay respondents.",Radio button (position 4 of 4),Used across all Cluster B items.,Live (scale option),7
Costed tradeoffs,Delay,m5b_delay_uncond,Unconditional delay item (would you support slowing AI development?),Unconditional support for slowing — reported separately from conditional,TBC (likely Likert or binary),Gradient criticism: don't conflate conditional with unconditional support. Strict conditional-reporting rule.,Live,8
Costed tradeoffs,Delay,m5b_delay_cond,Conditional delay item (would you support slowing AI development IF [condition]?),Conditional support — reported separately from unconditional,TBC (likely Likert or binary),Strict conditional-reporting rule per Gradient.,Live,8
Costed tradeoffs,Competition,m5_race,Conditional slowdown / race item (would you support slowing even if other countries don't?),Tests whether geopolitical competition overrides safety concerns,TBC,,Live,8
Policy (Cluster A),Policy attitudes,m6_certify,"Before a company releases a powerful AI system, it should have to get a licence or certificate showing it is safe",Policy preference for mandatory certification. Year 7-9 wording.,5-point agreement: Strongly disagree / Disagree / Neither / Agree / Strongly agree,,Live,9
Policy (Cluster A),Policy attitudes,m6_faa,"The government should test every powerful AI system before it is released to the public, and have the power to block it if it is not safe enough (like how the FAA tests planes)","Anthropic's stated proposal, presented neutrally as 'some have proposed'. Single most important mitigation item retained after mitigations battery was cut. Year 7-9 wording.",5-point agreement: Strongly disagree / Disagree / Neither / Agree / Strongly agree,,Live,9
Policy (Cluster A),Policy attitudes,m6_fedstate,"AI safety rules should be set by the federal government, not left to each state to decide on its own",Governance-structure preference. Year 7-9 wording.,5-point agreement: Strongly disagree / Disagree / Neither / Agree / Strongly agree,,Live,9
Policy (Cluster A),Policy attitudes,m6_killswitch,"Every powerful AI system should have an off-switch that lets people shut it down quickly if something goes wrong",Safety-mechanism preference. Year 7-9 wording.,5-point agreement: Strongly disagree / Disagree / Neither / Agree / Strongly agree,,Live,9
Dumpster (Appendix C),Cut item,dump_m6_liability,"Liability regime for AI harms","Why cut: Mike's decision (29 Jun 2026) — the item kept getting tangled in legal doctrine (strict liability vs negligence vs no liability). Hard to write at year 7-9 level without presupposing a position. Not clearly decision-relevant for the survey's core aim (risk tolerance).",N/A (cut from instrument),Ball-style review had flagged original version as biased toward strict liability.,Dumpster,
Framing experiments,Counter-message,counter_message_arm,"Counter-message arm: random third see accelerationist talking points (a16z style), random third see safety talking points, third see none",Test how much opinion moves with messaging; swing in agreement is the headline result. Requested by Delaney.,Between-subjects: accelerationist / safety / control (none),"Placed immediately BEFORE the superintelligence statement (step 10), NOT before the tolerance block — so it measures framing on an attitude, not on tolerance. Framing effects on tolerance itself are left to the balanced information-provision arm (step 3).",Live,10
Framing experiments,Counter-message (arm),counter_message_accelerationist,Counter-message arm: Accelerationist (a16z style),Between-subjects randomisation,Assigned condition (no response collected for the arm itself),,Live (experimental arm),10
Framing experiments,Counter-message (arm),counter_message_safety,Counter-message arm: Safety talking points,Between-subjects randomisation,Assigned condition (no response collected for the arm itself),,Live (experimental arm),10
Framing experiments,Counter-message (arm),counter_message_control,Counter-message arm: Control (none),Between-subjects randomisation,Assigned condition (no response collected for the arm itself),,Live (experimental arm),10
Framing experiments,Superintelligence wording,supi_wording_experiment,"Superintelligence-statement wording experiment (Muskan's): same statement in two framings, randomised",Isolate wording effect on agreement. Stem A: campaign/petition wording; Stem B: neutral permission framing.,Between-subjects: Stem A (campaign/petition) / Stem B (neutral permission). Agreement measured on Likert or similar.,The A/B wording contrast stands on its own as a between-subjects experiment. Earlier descriptive twins (CAIS extinction-priority statement and neutral 'treaty to ban') moved to dumpster.,Live,10
Framing experiments,Superintelligence wording (stem),supi_stem_a,Superintelligence statement: Stem A: campaign/petition 'ban until proven safe' framing,Between-subjects randomisation to isolate wording effect,Agreement scale (TBC),,Live (experimental arm),10
Framing experiments,Superintelligence wording (stem),supi_stem_b,Superintelligence statement: Stem B: symmetric neutral permission framing,Between-subjects randomisation to isolate wording effect,Agreement scale (TBC),,Live (experimental arm),10
Framing experiments,Argument vs social proof,arg_vs_social_proof,Proposed 2×2: cross argument (present/absent) with prestige-signatory cue (present/absent) to attribute movement to substance or social proof,"Mike's question: when framing moves people, is it the content or the social signal (e.g. 'Prince Harry signed it')?",2×2 between-subjects factorial,PROPOSED ADDITION — flagged for sign-off (§9 open question 5). Not yet approved.,Proposed (needs sign-off),10
Validation,Consistency check,within_person_consistency,Within-person consistency check,Internal validity check,Computed from responses (not a separate item shown to respondent),,Live,10
Validation,Authenticity,free_text_authenticity,Free-text authenticity check (no AI tools),Screen for AI-generated or bot responses,Free text,,Live,10
Individual differences,Political orientation,pol_orientation,"In general, how would you describe your political views on a 7-point scale from Very Liberal (1) to Very Conservative (7), with Moderate/Centre as the midpoint.",Moderator for MRP and subgroup analysis. Source: Jost 2006.,7-point: Very Liberal (1) / Liberal (2) / Somewhat Liberal (3) / Moderate (4) / Somewhat Conservative (5) / Conservative (6) / Very Conservative (7),,Live,11
Individual differences,Political orientation (scale),pol_orientation_1,Political orientation option: Very Liberal (1),,Radio button (position 1 of 7),,Live (scale option),11
Individual differences,Political orientation (scale),pol_orientation_2,Political orientation option: Liberal (2),,Radio button (position 2 of 7),,Live (scale option),11
Individual differences,Political orientation (scale),pol_orientation_3,Political orientation option: Somewhat Liberal (3),,Radio button (position 3 of 7),,Live (scale option),11
Individual differences,Political orientation (scale),pol_orientation_4,Political orientation option: Moderate/Centre (4),,Radio button (position 4 of 7),,Live (scale option),11
Individual differences,Political orientation (scale),pol_orientation_5,Political orientation option: Somewhat Conservative (5),,Radio button (position 5 of 7),,Live (scale option),11
Individual differences,Political orientation (scale),pol_orientation_6,Political orientation option: Conservative (6),,Radio button (position 6 of 7),,Live (scale option),11
Individual differences,Political orientation (scale),pol_orientation_7,Political orientation option: Very Conservative (7),,Radio button (position 7 of 7),,Live (scale option),11
Individual differences,AI familiarity,ai_familiarity,"In your personal life (work/studies), how often do you intentionally use AI tools, including generative AI tools?",Proxy for technology experience. Source: Gillespie et al. 2025; validated via Hargittai 2005.,6-point: Never / Few times a year / Every few months / Monthly / Weekly / Daily,,Live,11
Individual differences,AI familiarity (scale),ai_familiarity_1,AI familiarity option: Never,,Radio button (position 1 of 6),,Live (scale option),11
Individual differences,AI familiarity (scale),ai_familiarity_2,AI familiarity option: Few times a year,,Radio button (position 2 of 6),,Live (scale option),11
Individual differences,AI familiarity (scale),ai_familiarity_3,AI familiarity option: Every few months,,Radio button (position 3 of 6),,Live (scale option),11
Individual differences,AI familiarity (scale),ai_familiarity_4,AI familiarity option: Monthly,,Radio button (position 4 of 6),,Live (scale option),11
Individual differences,AI familiarity (scale),ai_familiarity_5,AI familiarity option: Weekly,,Radio button (position 5 of 6),,Live (scale option),11
Individual differences,AI familiarity (scale),ai_familiarity_6,AI familiarity option: Daily,,Radio button (position 6 of 6),,Live (scale option),11
Individual differences,Numeracy / risk literacy,numeracy,"Berlin Numeracy Test (adaptive format, 2-3 items per respondent). Source: Cokely et al. 2012.",Key interaction for Ben's honours project: does higher risk literacy increase scope sensitivity? Load-bearing moderator.,Adaptive: 2-3 items selected based on prior answers. Each question has ~50% correct rate at the respondent's ability level. Free-text numeric entry.,~3 minutes. Adaptive format recommended for online surveys (Cokely et al. 2012). See individual items below.,Live,11
Individual differences,BNT item,bnt_1,"Out of 1,000 people in a small town 500 are members of a choir. Out of these 500 members in the choir 100 are men. Out of the 500 inhabitants that are not in the choir 300 are men. What is the probability that a randomly drawn man is a member of the choir? ______ %",Adaptive item 1 (median difficulty). Also used as the single-item format when time is very limited.,Free text: ______ %. Correct answer: 25%.,Adaptive starting item. If correct → item 2a (harder). If incorrect → item 2b (easier).,Live,11
Individual differences,BNT item,bnt_2a,"Imagine we are throwing a five-sided die 50 times. On average, out of these 50 throws how many times would this five-sided die show an odd number (1, 3 or 5)? ______ out of 50 throws.",Adaptive item 2a (harder path — shown if item 1 correct).,Free text: ______ out of 50 throws. Correct answer: 30.,If correct → score 4/4. If incorrect → score 3/4.,Live,11
Individual differences,BNT item,bnt_2b,"Imagine we are throwing a loaded die (6 sides). The probability that the die shows a 6 is twice as high as the probability of each of the other numbers. On average, out of these 70 throws how many times would the die show the number 6? ______ out of 70 throws.",Adaptive item 2b (easier path — shown if item 1 incorrect).,Free text: ______ out of 70 throws. Correct answer: 20.,If correct → score 2/4. If incorrect → score 1/4.,Live,11
Individual differences,BNT item,bnt_3,"In a forest 20% of mushrooms are red, 50% brown and 30% white. A red mushroom is poisonous with a probability of 20%. A mushroom that is not red is poisonous with a probability of 5%. What is the probability that a poisonous mushroom in the forest is red? ______ %",Adaptive item 3 (hardest — shown only on the harder path if item 2a is incorrect).,Free text: ______ %. Correct answer: 50%.,Final discriminating item on the hard path.,Live,11
Demographics,Demographics for MRP weighting,demo_age,Age,Required for MRP post-stratification to ACS population counts (§5). Census/ACS categories used so they post-stratify to population controls.,18–24 / 25–34 / 35–44 / 45–54 / 55–64 / 65–74 / 75 or older,"ACS B01001, collapsed",Live,11
Demographics,Demographics for MRP weighting,demo_gender,Gender,Required for MRP post-stratification to ACS population counts (§5). Census/ACS categories used so they post-stratify to population controls.,Male / Female / In another way–non-binary / Prefer not to say,"Weighting uses ACS sex controls; extra category kept descriptively and allocated, not dropped",Live,11
Demographics,Demographics for MRP weighting,demo_education,Education,Required for MRP post-stratification to ACS population counts (§5). Census/ACS categories used so they post-stratify to population controls.,"< high school / High-school grad / Some college, no degree / Associate / Bachelor's / Graduate or professional","ACS B15003, collapsed",Live,11
Demographics,Demographics for MRP weighting,demo_income,Household income,Required for MRP post-stratification to ACS population counts (§5). Census/ACS categories used so they post-stratify to population controls.,"Census/ACS brackets, < $15k to $200k+",ACS B19001,Live,11
Demographics,Demographics for MRP weighting,demo_state,State,Required for MRP post-stratification to ACS population counts (§5). Census/ACS categories used so they post-stratify to population controls.,All 50 + DC,No state map unless per-state effective sample clears pre-registered threshold,Live,11
Demographics,Age bracket,demo_age_18_24,Age bracket: 18–24,ACS B01001,Radio button,,Live (response option),11
Demographics,Age bracket,demo_age_25_34,Age bracket: 25–34,ACS B01001,Radio button,,Live (response option),11
Demographics,Age bracket,demo_age_35_44,Age bracket: 35–44,ACS B01001,Radio button,,Live (response option),11
Demographics,Age bracket,demo_age_45_54,Age bracket: 45–54,ACS B01001,Radio button,,Live (response option),11
Demographics,Age bracket,demo_age_55_64,Age bracket: 55–64,ACS B01001,Radio button,,Live (response option),11
Demographics,Age bracket,demo_age_65_74,Age bracket: 65–74,ACS B01001,Radio button,,Live (response option),11
Demographics,Age bracket,demo_age_75_or_older,Age bracket: 75 or older,ACS B01001,Radio button,,Live (response option),11
Analysis,Convergence go/no-go,convergence_gonogo,Pre-registered convergence test: single quantitative public number reported only if DCE (§3.2) and direct scope instrument (§3.1) agree within about one order of magnitude in overlap subsample,"If they diverge, report a bound plus a qualitative finding. Expert-to-public multiplier computed only on a pass, as a distribution with credible intervals, conditioned on stated benefit scenario, with uncertainty propagated on both sides.",Analysis rule (not a survey item),Never manufacture an 'N times safer' headline from §3.3 back-out.,Live (analysis decision),
Analysis,MRP,mrp_estimation,Multilevel regression and post-stratification (MRP) to estimate population-level risk tolerance,"Convenience/panel sample is not the US public. MRP models outcome with demographic/geographic predictors, re-weights to ACS population counts.",Analysis method (not a survey item),Validated by posterior predictive checks and leave-one-state-out cross-validation. No state map published unless effective per-state sample clears pre-registered threshold.,Live (analysis decision),
Dumpster (Appendix C),Cut item,dump_icon_arrays,Icon arrays,Why cut: Bias judgements upward,N/A (cut from instrument),Kept only as a randomised arm to measure that bias,Dumpster,
Dumpster (Appendix C),Cut item,dump_verbal_anchors,Verbal societal-risk anchors ('1 in 100 = a pandemic'),Why cut: Confused 2024 Australian respondents,N/A (cut from instrument),Replaced by familiar-technology comparators,Dumpster,
Dumpster (Appendix C),Cut item,dump_micromorts,Micromorts,Why cut: Not clearly validated/intuitive for a general US sample,N/A (cut from instrument),,Dumpster,
Dumpster (Appendix C),Cut item,dump_all_tech_risk,'All technologies carry residual risk' preamble,Why cut: Primes acceptance; imports a wrong 'last order of magnitude' frame for AI,N/A (cut from instrument),Barnett criticism #5,Dumpster,
Dumpster (Appendix C),Cut item,dump_offtheshelf,"Off-the-shelf scales (AIAS-4, GAAIS, GRIPS, DOSPERT)","Why cut: Measure general attitudes / trait risk, not AI-specific tolerance; can't build an F–N curve",N/A (cut from instrument),,Dumpster,
Dumpster (Appendix C),Cut item,dump_4000x,'4000× safer' multiplier from qualitative item,Why cut: Conflates qualitative answer with expert estimates,N/A (cut from instrument),Gradient #16,Dumpster,
Dumpster (Appendix C),Cut item,dump_sb53_direct,Direct 'do you support SB 53 / the RAISE Act',Why cut: Reads as advocacy,N/A (cut from instrument),Ask the underlying values question instead,Dumpster,
Dumpster (Appendix C),Cut item,dump_retest,Test–retest recontact wave,Why cut: Dropped on cost,N/A (cut from instrument),Consistency handled within-survey,Dumpster,
Dumpster (Appendix C),Cut item,dump_wtp_unlimited,'I'd pay whatever it takes' WTP option,Why cut: Strategic and unbounded; breaks the scale,N/A (cut from instrument),,Dumpster,
Dumpster (Appendix C),Cut item,dump_mitigations,Mitigations battery ('I'd trust AI more if…'),"Why cut: Removed from live instrument (MN, 17 Jun 2026)",N/A (cut from instrument),FAA-style item carries the single most important mitigation; rest recoverable,Dumpster,
Dumpster (Appendix C),Cut item,dump_priority_risks,Priority-risks battery ('government should focus regulation on…'),"Why cut: Removed from live instrument (MN, 17 Jun 2026)",N/A (cut from instrument),,Dumpster,
Dumpster (Appendix C),Cut item,dump_crt,Cognitive reflection (CRT) battery (4 items from expanded CRT),Why cut: Too little space; rationale too weak; classic items leaked in online panels; overlaps with numeracy (r ≈ 0.3–0.5),N/A (cut from instrument),"Recoverable if a hypothesis emerges that numeracy cannot test. Source: Toplak et al., Thinking & Reasoning 2013.",Dumpster,
Dumpster (Appendix C),Cut item,dump_nfc,Need-for-cognition short form (6 items),"Why cut: A disposition, not an ability; effect captured by numeracy; likely small",N/A (cut from instrument),Source: Cacioppo & Petty 1982; 6-item form,Dumpster,
Dumpster (Appendix C),Cut item,dump_env_module,"Environment / data-centre module (reverse-halo: env_label, env_reversal, env_forgo, env_attitude)",Why cut: Decision relevance unclear; none of three justifications earned its place against length budget,N/A (cut from instrument),Dropped 29 Jun 2026. Recoverable as standalone framing study (after Masley). First-fielding / un-priming rationale lapses with cut.,Dumpster,
Dumpster (Appendix C),Cut item,dump_m1_attitudes,"Module 1 descriptive-attitudes battery (m1_goodharm, m1_worry_control, m1_trust_companies, m1_extinction_priority, m1_reg_toofar, m1_treaty_ban)","Why cut: Cluster A descriptive attitudes, not risk tolerance; don't feed the public number; spend length budget",N/A (cut from instrument),Trend value recoverable from prior SARA waves; ban-appetite survives via §6 wording experiment. Dropped 29 Jun 2026.,Dumpster,
Dumpster (Appendix C),Cut item,dump_m2_pace,"m2_pace (tolerability of current pace of AI disruption, setting catastrophe aside)",Why cut: Non-catastrophic disruption is off-aim for a risk-tolerance survey; unclear what decision it informs,N/A (cut from instrument),Dropped 29 Jun 2026.,Dumpster,
Dumpster (Appendix C),CRT item (cut),dump_crt_1,"If John can drink one barrel of water in 6 days, and Mary can drink one barrel of water in 12 days, how long would it take them to drink one barrel of water together?","Expanded CRT; dropped because too little space, weak rationale, leaked items in online panels, overlaps with numeracy",Free text / multiple choice,Correct: 4 days; intuitive: 9,Dumpster,
Dumpster (Appendix C),CRT item (cut),dump_crt_2,Jerry received both the 15th highest and the 15th lowest mark in the class. How many students are in the class?,"Expanded CRT; dropped because too little space, weak rationale, leaked items in online panels, overlaps with numeracy",Free text / multiple choice,Correct: 29; intuitive: 30,Dumpster,
Dumpster (Appendix C),CRT item (cut),dump_crt_3,"A man buys a pig for $60, sells it for $70, buys it back for $80, and sells it finally for $90. How much has he made?","Expanded CRT; dropped because too little space, weak rationale, leaked items in online panels, overlaps with numeracy",Free text / multiple choice,Correct: $20; intuitive: $10,Dumpster,
Dumpster (Appendix C),CRT item (cut),dump_crt_4,"Simon decided to invest $8,000 in the stock market one day early in 2008. Six months after he invested, on July 17, the stocks he had purchased were down 50%. Fortunately for Simon, from July 17 to October 17, the stocks he had purchased went up 75%. At this point, Simon has:","Expanded CRT; dropped because too little space, weak rationale, leaked items in online panels, overlaps with numeracy",Free text / multiple choice,"Correct: c (lost money, value = $7,000); intuitive: b (ahead)",Dumpster,
Dumpster (Appendix C),NFC item (cut),dump_nfc_1,I would prefer complex to simple problems.,"Need-for-cognition 6-item short form; dropped because a disposition not an ability, effect captured by numeracy",Likert agreement scale,Source: Cacioppo & Petty 1982; efficient 6-item form.,Dumpster,
Dumpster (Appendix C),NFC item (cut),dump_nfc_2,I like to have the responsibility of handling a situation that requires a lot of thinking.,"Need-for-cognition 6-item short form; dropped because a disposition not an ability, effect captured by numeracy",Likert agreement scale,Source: Cacioppo & Petty 1982; efficient 6-item form.,Dumpster,
Dumpster (Appendix C),NFC item (cut),dump_nfc_3,Thinking is not my idea of fun. (R),"Need-for-cognition 6-item short form; dropped because a disposition not an ability, effect captured by numeracy",Likert agreement scale,Source: Cacioppo & Petty 1982; efficient 6-item form.,Dumpster,
Dumpster (Appendix C),NFC item (cut),dump_nfc_4,I would rather do something that requires little thought than something that is sure to challenge my thinking abilities. (R),"Need-for-cognition 6-item short form; dropped because a disposition not an ability, effect captured by numeracy",Likert agreement scale,Source: Cacioppo & Petty 1982; efficient 6-item form.,Dumpster,
Dumpster (Appendix C),NFC item (cut),dump_nfc_5,I really enjoy a task that involves coming up with new solutions to problems.,"Need-for-cognition 6-item short form; dropped because a disposition not an ability, effect captured by numeracy",Likert agreement scale,Source: Cacioppo & Petty 1982; efficient 6-item form.,Dumpster,
Dumpster (Appendix C),NFC item (cut),dump_nfc_6,"I would prefer a task that is intellectual, difficult, and important to one that is somewhat important but does not require much thought.","Need-for-cognition 6-item short form; dropped because a disposition not an ability, effect captured by numeracy",Likert agreement scale,Source: Cacioppo & Petty 1982; efficient 6-item form.,Dumpster,
Open questions (§9),Open question,open_q1,Theory of change: what is the strongest version of 'this changes a real decision'?,Unresolved design decision,"N/A (decision point, not survey item)","If honest answer is 'shifts Overton window and arms regulators with a public number,' design dissemination around that.",Open question,
Open questions (§9),Open question,open_q2,"The overshoot problem: if gap is 3–12 OOMs, is F–N machinery the right vehicle or does simpler 'the public finds current trajectory unacceptable' land better?",Unresolved design decision,"N/A (decision point, not survey item)",,Open question,
Open questions (§9),Open question,open_q3,Data-centre module: DECIDED 29 Jun 2026 — cut to dumpster,Unresolved design decision,"N/A (decision point, not survey item)",None of three justifications earned its place.,Open question,
Open questions (§9),Open question,open_q4,Cognitive measures (CRT and need for cognition): tentatively dropped to dumpster,Unresolved design decision,"N/A (decision point, not survey item)",Revisit only if collaborator brings a hypothesis numeracy cannot test.,Open question,
Open questions (§9),Open question,open_q5,"Argument vs social-proof decomposition (§6): approve, modify, or drop the proposed 2×2",Unresolved design decision,"N/A (decision point, not survey item)",,Open question,
Open questions (§9),Open question,open_q6,Convergence failure: pre-commit to exactly what we publish if DCE and direct methods disagree by >1 OOM,Unresolved design decision,"N/A (decision point, not survey item)","A bound and qualitative finding, with what wording.",Open question,
Open questions (§9),Open question,open_q7,"Australia replication: what changes for AU run (comparators, income/ABS categories, data-centre module relevance)",Unresolved design decision,"N/A (decision point, not survey item)",,Open question,
Open questions (§9),Open question,open_q8,Verification before fielding: (a) every named-expert figure needs exact citable quote; (b) dangerous-activity death rates need checking; (c) confirm reviewer name Oscar Delaney,Unresolved design decision,"N/A (decision point, not survey item)",,Open question,
Open questions (§9),Open question,open_q9,Fielding order vs dropout: v9 fields tolerance blocks least-to-most anchoring; confirm worth front-loading harder quantitative items or move gentler block first,Unresolved design decision,"N/A (decision point, not survey item)",,Open question,
Criticisms resolved (§8.1),Resolved criticism,criticism_1,#1 (Oscar Delaney (+Barnett)): Don't trust public probabilities; relative comparisons are more useful,Response: Direct elicitation demoted to validation cross-check; named-expert recognition and relative-standard anchoring are primary,"N/A (design decision, not survey item)",,Resolved,
Criticisms resolved (§8.1),Resolved criticism,criticism_2,#2 (Peter Barnett): Scope insensitivity (treat 1/100k ≈ 1/10M),"Response: Measured not designed away: within-person probability/severity, scope-slope × risk-literacy interaction, rows 2 OOMs apart, order randomised + between-subjects cross-check","N/A (design decision, not survey item)",,Resolved,
Criticisms resolved (§8.1),Resolved criticism,criticism_3,"#3 (Peter Barnett): Tolerability Likert = affect, not a threshold","Response: Triangulated across four methods, consistency-checked, counter-messaged, numeracy-moderated","N/A (design decision, not survey item)",,Resolved,
Criticisms resolved (§8.1),Resolved criticism,criticism_4,#4 (Peter Barnett): F–N overshoots and may be dismissed,"Response: Headline reframed to the robust gap, not a point threshold; back-out is illustrative only","N/A (design decision, not survey item)",,Resolved,
Criticisms resolved (§8.1),Resolved criticism,criticism_5,#5 (Peter Barnett): 'All technologies carry risk' framing misleads,Response: Removed from public-facing items,"N/A (design decision, not survey item)",,Resolved,
Criticisms resolved (§8.1),Resolved criticism,criticism_6,#6 (Peter Barnett): 'Negligent' is weaker than 'Intolerable',Response: Scale relabelled to monotonic Acceptable < Tolerable < Intolerable < Unacceptable,"N/A (design decision, not survey item)",,Resolved,
Criticisms resolved (§8.1),Resolved criticism,criticism_7,#7 (Peter Barnett): Depends what you call 'experts',Response: Every source named and randomised; reported by anchor,"N/A (design decision, not survey item)",,Resolved,
Criticisms resolved (§8.1),Resolved criticism,criticism_8,#8 (Oscar Delaney): Test counter-messages (a16z talking points),"Response: Added randomised message arm; now before superintelligence statement, not tolerance block","N/A (design decision, not survey item)",,Resolved,
Criticisms resolved (§8.1),Resolved criticism,criticism_9,"#9 (Peter Barnett): One attention check 'more strict,' one 'less strict'","Response: Bidirectional attention-check pair, embedded next to comparative-standard items","N/A (design decision, not survey item)",,Resolved,
Criticisms resolved (§8.1),Resolved criticism,criticism_10,#10 (Barnett / Delaney): Give people a neutral intuition for risk levels by comparing to other fields,Response: Relative-standards method plus dangerous-activity sanity anchor,"N/A (design decision, not survey item)",,Resolved,
Criticisms resolved (§8.1),Resolved criticism,criticism_11,"#11 (Gradient (Carroll, A. Reid, Caetano)): Open with a clear purpose; two question classes",Response: §1–§2 rewrite; Cluster A (attitudes) vs Cluster B (tolerance) split,"N/A (design decision, not survey item)",,Resolved,
Criticisms resolved (§8.1),Resolved criticism,criticism_12,#12 (Gradient): Don't assume a latent quantitative preference exists,Response: Stated explicitly; convergence test; ordinal reporting where it fails,"N/A (design decision, not survey item)",,Resolved,
Criticisms resolved (§8.1),Resolved criticism,criticism_13,#13 (Gradient): Define risk precisely (prob × impact; whose risk; control vs application),Response: Standard definitions in instrument preface; every Cluster B item labelled; application risks anchored to today's baseline,"N/A (design decision, not survey item)",,Resolved,
Criticisms resolved (§8.1),Resolved criticism,criticism_14,#14 (Gradient): Don't conflate conditional with unconditional support,Response: Strict conditional-reporting rule; separate unconditional and conditional delay items,"N/A (design decision, not survey item)",,Resolved,
Criticisms resolved (§8.1),Resolved criticism,criticism_15,#15 (Gradient): A citizens' assembly may beat a poll,Response: Deliberative mini-public recommended as Phase 2,"N/A (design decision, not survey item)",,Resolved,
Criticisms resolved (§8.1),Resolved criticism,criticism_16,#16 (Gradient): Drop 'public want AI 4000× safer',Response: Removed; back-out downgraded to illustration,"N/A (design decision, not survey item)",,Resolved,
Criticisms resolved (§8.1),Resolved criticism,criticism_17,#17 (Gradient): Figure 11 category error ('systems should be stricter'),Response: Split into stricter standards and safer systems,"N/A (design decision, not survey item)",,Resolved,
Criticisms resolved (§8.1),Resolved criticism,criticism_18,#18 (Ball-style skeptical review): 'Advocacy in a lab coat',Response: Pre-registered disconfirmation list + adversarial review published with results,"N/A (design decision, not survey item)",,Resolved,
Criticisms resolved (§8.1),Resolved criticism,criticism_19,#19 (Ball-style review): Curated alarming anchors,"Response: Symmetric anchor pool (LeCun ~0% to Amodei 25%), reported by anchor","N/A (design decision, not survey item)",,Resolved,
Criticisms resolved (§8.1),Resolved criticism,criticism_20,#20 (Ball-style review): Liability options biased,Response: Negligence / duty-of-care middle option added,"N/A (design decision, not survey item)",,Resolved,
Criticisms open (§8.2),Open criticism,criticism_open_A,"#A (Delaney; Barnett agreed): It may not matter what the public thinks: not deeply held beliefs, politicians won't weight them, public won't act unless AI becomes personally salient","Status: Partially mitigated: measure stability (counter-message swing, consistency, information effects) and recommend deliberative Phase 2. Deeper theory-of-change challenge unsettled.",N/A (unresolved design question),,Open criticism,
Criticisms open (§8.2),Open criticism,criticism_open_B,"#B (Barnett): F–N exercise may overshoot: AI risk estimates 3–12 OOMs above any tolerated engineering standard, so precise risk chart may be discounted as absurd","Status: Partially mitigated: headline is now the gap, not a point; back-out illustrative only. Residual worry remains.",N/A (unresolved design question),,Open criticism,
Criticisms open (§8.2),Open criticism,criticism_open_C,"#C (Barnett): Method relies on people accurately assessing risks, which they will do badly or with wild optimism (off by OOMs)","Status: Partially mitigated via recognition-over-generation, information-provision arm, and numeracy moderation. Not fully closed.",N/A (unresolved design question),,Open criticism,
Criticisms open (§8.2),Open criticism,criticism_open_D,#D (Liam Carroll (Gradient)): Latent-preference and conditional-vs-unconditional points plus recommendation for deliberative process,Status: Phase 2 deliberative mini-public recommended; not yet scoped or funded.,N/A (unresolved design question),,Open criticism,